{
  "trackers": [
    {
      "type": "jsdelivr",
      "url": "https://cdn.jsdelivr.net/npm/remixicon@2.5.0/fonts/remixicon.css",
      "details": {
        "id": "jsdelivr",
        "message": "Host files locally"
      }
    },
    {
      "type": "unknown",
      "url": "https://dotations-locales-back.osc-fr1.scalingo.io/init/"
    },
    {
      "type": "jsdelivr",
      "url": "https://cdn.jsdelivr.net/npm/remixicon@2.5.0/fonts/remixicon.woff2?t=1590207869815",
      "details": {
        "id": "jsdelivr",
        "message": "Host files locally"
      }
    },
    {
      "type": "jsdelivr",
      "url": "https://cdn.jsdelivr.net/npm/remixicon@2.5.0/fonts/remixicon.woff2?t=1590207869815",
      "details": {
        "id": "jsdelivr",
        "message": "Host files locally"
      }
    },
    {
      "type": "unknown",
      "url": "https://dotations-locales-back.osc-fr1.scalingo.io/init"
    }
  ],
  "cookies": [],
  "headers": {
    "content-encoding": "gzip",
    "content-type": "text/html; charset=utf-8",
    "date": "Sun, 24 Mar 2024 01:05:10 GMT",
    "etag": "\"onywqj55lh1nr\"",
    "vary": "Accept-Encoding",
    "x-powered-by": "Next.js",
    "x-request-id": "9a5f3f79-ce40-4e62-93d9-48546d9471c6"
  },
  "endpoints": [
    {
      "hostname": "dotations.incubateur.anct.gouv.fr",
      "ip": "5.104.101.30",
      "geoip": {
        "city": {
          "geoname_id": 2977356,
          "names": {
            "en": "Saint-Priest"
          }
        },
        "continent": {
          "code": "EU",
          "geoname_id": 6255148,
          "names": {
            "de": "Europa",
            "en": "Europe",
            "es": "Europa",
            "fr": "Europe",
            "ja": "ヨーロッパ",
            "pt-BR": "Europa",
            "ru": "Европа",
            "zh-CN": "欧洲"
          }
        },
        "country": {
          "geoname_id": 3017382,
          "is_in_european_union": true,
          "iso_code": "FR",
          "names": {
            "de": "Frankreich",
            "en": "France",
            "es": "Francia",
            "fr": "France",
            "ja": "フランス共和国",
            "pt-BR": "França",
            "ru": "Франция",
            "zh-CN": "法国"
          }
        },
        "location": {
          "accuracy_radius": 200,
          "latitude": 45.7088,
          "longitude": 4.9303,
          "time_zone": "Europe/Paris"
        },
        "postal": {
          "code": "69800"
        },
        "registered_country": {
          "geoname_id": 3017382,
          "is_in_european_union": true,
          "iso_code": "FR",
          "names": {
            "de": "Frankreich",
            "en": "France",
            "es": "Francia",
            "fr": "France",
            "ja": "フランス共和国",
            "pt-BR": "França",
            "ru": "Франция",
            "zh-CN": "法国"
          }
        },
        "subdivisions": [
          {
            "geoname_id": 11071625,
            "iso_code": "ARA",
            "names": {
              "de": "Auvergne-Rhône-Alpes",
              "en": "Auvergne-Rhône-Alpes",
              "es": "Auvernia-Ródano-Alpes",
              "fr": "Auvergne-Rhône-Alpes",
              "ja": "オーヴェルニュ＝ローヌ＝アルプ地域圏",
              "pt-BR": "Auvérnia-Ródano-Alpes",
              "ru": "Овернь — Рона — Альпы"
            }
          },
          {
            "geoname_id": 2987410,
            "iso_code": "69",
            "names": {
              "de": "Rhône",
              "en": "Rhône",
              "es": "Ródano",
              "fr": "Rhône",
              "ja": "ローヌ県",
              "pt-BR": "Ródano",
              "ru": "Рона",
              "zh-CN": "罗讷省"
            }
          }
        ]
      }
    },
    {
      "hostname": "cdn.jsdelivr.net",
      "ip": "146.75.37.229",
      "geoip": {
        "city": {
          "geoname_id": 4781530,
          "names": {
            "de": "Reston",
            "en": "Reston",
            "ja": "レストン",
            "ru": "Рестон"
          }
        },
        "continent": {
          "code": "NA",
          "geoname_id": 6255149,
          "names": {
            "de": "Nordamerika",
            "en": "North America",
            "es": "Norteamérica",
            "fr": "Amérique du Nord",
            "ja": "北アメリカ",
            "pt-BR": "América do Norte",
            "ru": "Северная Америка",
            "zh-CN": "北美洲"
          }
        },
        "country": {
          "geoname_id": 6252001,
          "iso_code": "US",
          "names": {
            "de": "USA",
            "en": "United States",
            "es": "Estados Unidos",
            "fr": "États Unis",
            "ja": "アメリカ",
            "pt-BR": "EUA",
            "ru": "США",
            "zh-CN": "美国"
          }
        },
        "location": {
          "accuracy_radius": 20,
          "latitude": 38.9609,
          "longitude": -77.3429,
          "metro_code": 511,
          "time_zone": "America/New_York"
        },
        "postal": {
          "code": "20190"
        },
        "registered_country": {
          "geoname_id": 6252001,
          "iso_code": "US",
          "names": {
            "de": "USA",
            "en": "United States",
            "es": "Estados Unidos",
            "fr": "États Unis",
            "ja": "アメリカ",
            "pt-BR": "EUA",
            "ru": "США",
            "zh-CN": "美国"
          }
        },
        "subdivisions": [
          {
            "geoname_id": 6254928,
            "iso_code": "VA",
            "names": {
              "de": "Virginia",
              "en": "Virginia",
              "es": "Virginia",
              "fr": "Virginie",
              "ja": "バージニア州",
              "pt-BR": "Virgínia",
              "ru": "Вирджиния",
              "zh-CN": "弗吉尼亚州"
            }
          }
        ]
      }
    },
    {
      "hostname": "dotations-locales-back.osc-fr1.scalingo.io",
      "ip": "5.104.101.30",
      "geoip": {
        "city": {
          "geoname_id": 2977356,
          "names": {
            "en": "Saint-Priest"
          }
        },
        "continent": {
          "code": "EU",
          "geoname_id": 6255148,
          "names": {
            "de": "Europa",
            "en": "Europe",
            "es": "Europa",
            "fr": "Europe",
            "ja": "ヨーロッパ",
            "pt-BR": "Europa",
            "ru": "Европа",
            "zh-CN": "欧洲"
          }
        },
        "country": {
          "geoname_id": 3017382,
          "is_in_european_union": true,
          "iso_code": "FR",
          "names": {
            "de": "Frankreich",
            "en": "France",
            "es": "Francia",
            "fr": "France",
            "ja": "フランス共和国",
            "pt-BR": "França",
            "ru": "Франция",
            "zh-CN": "法国"
          }
        },
        "location": {
          "accuracy_radius": 200,
          "latitude": 45.7088,
          "longitude": 4.9303,
          "time_zone": "Europe/Paris"
        },
        "postal": {
          "code": "69800"
        },
        "registered_country": {
          "geoname_id": 3017382,
          "is_in_european_union": true,
          "iso_code": "FR",
          "names": {
            "de": "Frankreich",
            "en": "France",
            "es": "Francia",
            "fr": "France",
            "ja": "フランス共和国",
            "pt-BR": "França",
            "ru": "Франция",
            "zh-CN": "法国"
          }
        },
        "subdivisions": [
          {
            "geoname_id": 11071625,
            "iso_code": "ARA",
            "names": {
              "de": "Auvergne-Rhône-Alpes",
              "en": "Auvergne-Rhône-Alpes",
              "es": "Auvernia-Ródano-Alpes",
              "fr": "Auvergne-Rhône-Alpes",
              "ja": "オーヴェルニュ＝ローヌ＝アルプ地域圏",
              "pt-BR": "Auvérnia-Ródano-Alpes",
              "ru": "Овернь — Рона — Альпы"
            }
          },
          {
            "geoname_id": 2987410,
            "iso_code": "69",
            "names": {
              "de": "Rhône",
              "en": "Rhône",
              "es": "Ródano",
              "fr": "Rhône",
              "ja": "ローヌ県",
              "pt-BR": "Ródano",
              "ru": "Рона",
              "zh-CN": "罗讷省"
            }
          }
        ]
      }
    }
  ]
}
